
---------------------------------------------
-- JEU DE TEST COMPLET ----------------------
---------------------------------------------

-- Desactiver les FK
BEGIN
    FOR rec IN (SELECT uc.constraint_name, ucc.table_name
                FROM user_constraints uc
                JOIN user_cons_columns ucc
                ON uc.constraint_name = ucc.constraint_name
                WHERE uc.constraint_type = 'R'  -- 'R' pour FOREIGN KEY
                AND uc.constraint_name LIKE 'FK_SAE%')
    LOOP
        EXECUTE IMMEDIATE 'ALTER TABLE ' || rec.table_name || ' DISABLE CONSTRAINT ' || rec.constraint_name;
    END LOOP;
END;
/

REM INSERTING into SAE_ADRESSE
SET DEFINE OFF;
Insert into SAE_ADRESSE (ID_SAE_ADRESSE,ADRESSE,CODE_POSTAL,VILLE,COMPLEMENT_ADRESSE) values ('ADRBAT01','12 rue des lilas','31100','Toulouse',null);
Insert into SAE_ADRESSE (ID_SAE_ADRESSE,ADRESSE,CODE_POSTAL,VILLE,COMPLEMENT_ADRESSE) values ('ADRB02','11 avenue de Rangueil','31400','Toulouse',null);
Insert into SAE_ADRESSE (ID_SAE_ADRESSE,ADRESSE,CODE_POSTAL,VILLE,COMPLEMENT_ADRESSE) values ('ADRB03','77 rue de la chance','31200','Toulouse',null);
Insert into SAE_ADRESSE (ID_SAE_ADRESSE,ADRESSE,CODE_POSTAL,VILLE,COMPLEMENT_ADRESSE) values ('ADRC01','11 rue des cacahuetes','11111','Paris','apt 2032');
Insert into SAE_ADRESSE (ID_SAE_ADRESSE,ADRESSE,CODE_POSTAL,VILLE,COMPLEMENT_ADRESSE) values ('ADRE01','Eau de toulouse','31100','Toulouse',null);
Insert into SAE_ADRESSE (ID_SAE_ADRESSE,ADRESSE,CODE_POSTAL,VILLE,COMPLEMENT_ADRESSE) values ('ADRE02','EDF','31100','Toulouse',null);
Insert into SAE_ADRESSE (ID_SAE_ADRESSE,ADRESSE,CODE_POSTAL,VILLE,COMPLEMENT_ADRESSE) values ('ADRE03','293 rue des egouts','31221','Toulouse',null);
Insert into SAE_ADRESSE (ID_SAE_ADRESSE,ADRESSE,CODE_POSTAL,VILLE,COMPLEMENT_ADRESSE) values ('ADRE04','32 rue bien propre','31932','Toulouse',null);
Insert into SAE_ADRESSE (ID_SAE_ADRESSE,ADRESSE,CODE_POSTAL,VILLE,COMPLEMENT_ADRESSE) values ('ADRE05','la rue de l''assurance','12321','Paris',null);
commit;
REM INSERTING into SAE_ASSURANCE
SET DEFINE OFF;
Insert into SAE_ASSURANCE (NUMERO_DE_CONTRAT,ANNEE_DU_CONTRAT,TYPE_DE_CONTRAT) values ('1232372','2025','Protection Juridique');
commit;
REM INSERTING into SAE_BAIL
SET DEFINE OFF;
Insert into SAE_BAIL (ID_BAIL,DATE_DE_DEBUT,DATE_DE_FIN,IDENTIFIANT_LOGEMENT) values ('BAI11',to_date('22/01/23','DD/MM/RR'),null,'LOG11');
Insert into SAE_BAIL (ID_BAIL,DATE_DE_DEBUT,DATE_DE_FIN,IDENTIFIANT_LOGEMENT) values ('BAI1201',to_date('22/01/24','DD/MM/RR'),null,'LOG12');
Insert into SAE_BAIL (ID_BAIL,DATE_DE_DEBUT,DATE_DE_FIN,IDENTIFIANT_LOGEMENT) values ('COBAI311',to_date('22/01/20','DD/MM/RR'),null,'LOG31');
commit;
REM INSERTING into SAE_BATIMENT
SET DEFINE OFF;
Insert into SAE_BATIMENT (IDENTIFIANT_BATIMENT,ID_SAE_ADRESSE) values ('BAT01','ADRBAT01');
Insert into SAE_BATIMENT (IDENTIFIANT_BATIMENT,ID_SAE_ADRESSE) values ('BAT02','ADRB02');
Insert into SAE_BATIMENT (IDENTIFIANT_BATIMENT,ID_SAE_ADRESSE) values ('BAT03','ADRB03');
commit;
REM INSERTING into SAE_BIEN_LOCATIF
SET DEFINE OFF;
Insert into SAE_BIEN_LOCATIF (IDENTIFIANT_LOGEMENT,LOYER_DE_BASE,IDENTIFIANT_FISCAL,COMPLEMENT_D_ADRESSE,SURFACE,NB_PIECE,TYPE_DE_BIEN,IDENTIFIANT_BATIMENT) values ('LOG11','500','F102392-2','Etage 2','70','3','logement','BAT01');
Insert into SAE_BIEN_LOCATIF (IDENTIFIANT_LOGEMENT,LOYER_DE_BASE,IDENTIFIANT_FISCAL,COMPLEMENT_D_ADRESSE,SURFACE,NB_PIECE,TYPE_DE_BIEN,IDENTIFIANT_BATIMENT) values ('LOG12','330','FS39203','appt 3323','40','2','logement','BAT01');
Insert into SAE_BIEN_LOCATIF (IDENTIFIANT_LOGEMENT,LOYER_DE_BASE,IDENTIFIANT_FISCAL,COMPLEMENT_D_ADRESSE,SURFACE,NB_PIECE,TYPE_DE_BIEN,IDENTIFIANT_BATIMENT) values ('LOG21','1200','FS023912',null,'130','5','logement','BAT02');
Insert into SAE_BIEN_LOCATIF (IDENTIFIANT_LOGEMENT,LOYER_DE_BASE,IDENTIFIANT_FISCAL,COMPLEMENT_D_ADRESSE,SURFACE,NB_PIECE,TYPE_DE_BIEN,IDENTIFIANT_BATIMENT) values ('LOG31','800',null,'Rue des oisiers','64','3','logement','BAT03');
commit;
REM INSERTING into SAE_CAUTIONNAIRE
SET DEFINE OFF;
Insert into SAE_CAUTIONNAIRE (ID_CAUTION,NOM_OU_ORGANISME,PRENOM,DESCRIPTION_DU_CAUTIONNAIRE,ID_SAE_ADRESSE) values ('1101','Didier','Bernard','Le pere du locataire','ADRC01');
Insert into SAE_CAUTIONNAIRE (ID_CAUTION,NOM_OU_ORGANISME,PRENOM,DESCRIPTION_DU_CAUTIONNAIRE,ID_SAE_ADRESSE) values ('120101','Crous',null,null,null);
Insert into SAE_CAUTIONNAIRE (ID_CAUTION,NOM_OU_ORGANISME,PRENOM,DESCRIPTION_DU_CAUTIONNAIRE,ID_SAE_ADRESSE) values ('30101','Terrieur','Alain',null,null);
commit;
REM INSERTING into SAE_CAUTIONNER
SET DEFINE OFF;
Insert into SAE_CAUTIONNER (ID_CAUTION,ID_BAIL,MONTANT,FICHIER_CAUTION) values ('1101','BAI11','1200','exemple.txt');
Insert into SAE_CAUTIONNER (ID_CAUTION,ID_BAIL,MONTANT,FICHIER_CAUTION) values ('120101','BAI1201','500',null);
Insert into SAE_CAUTIONNER (ID_CAUTION,ID_BAIL,MONTANT,FICHIER_CAUTION) values ('30101','COBAI311','800',null);
commit;
REM INSERTING into SAE_CHARGE_CF
SET DEFINE OFF;
Insert into SAE_CHARGE_CF (ID_CHARGE_CF,DATE_DE_CHARGE,TYPE,MONTANT,NUMERO_DOCUMENT,DATE_DOCUMENT) values ('NET-BAI11',to_date('03/06/24','DD/MM/RR'),'Nettoyage partie communes','143','NETTOYAGE-BAI11',to_date('03/06/24','DD/MM/RR'));
Insert into SAE_CHARGE_CF (ID_CHARGE_CF,DATE_DE_CHARGE,TYPE,MONTANT,NUMERO_DOCUMENT,DATE_DOCUMENT) values ('ASSU-BAT01',to_date('23/02/24','DD/MM/RR'),'Assurance','7423','ASSU-BAT01',to_date('23/02/24','DD/MM/RR'));
Insert into SAE_CHARGE_CF (ID_CHARGE_CF,DATE_DE_CHARGE,TYPE,MONTANT,NUMERO_DOCUMENT,DATE_DOCUMENT) values ('PLOMBAT01',to_date('01/09/24','DD/MM/RR'),'Réparation tuyaux','12342','PLOMB-BAT01',to_date('01/09/24','DD/MM/RR'));
Insert into SAE_CHARGE_CF (ID_CHARGE_CF,DATE_DE_CHARGE,TYPE,MONTANT,NUMERO_DOCUMENT,DATE_DOCUMENT) values ('NETTLOG12',to_date('01/07/24','DD/MM/RR'),'Nettoyage parties communes','783','NETTOYAGE-LOG12',to_date('01/07/24','DD/MM/RR'));
commit;
REM INSERTING into SAE_CHARGE_INDEX
SET DEFINE OFF;
Insert into SAE_CHARGE_INDEX (ID_CHARGE_INDEX,DATE_DE_RELEVE,TYPE,VALEUR_COMPTEUR,COUT_VARIABLE_UNITAIRE,COUT_FIXE,NUMERO_DOCUMENT,DATE_DOCUMENT,DATE_RELEVE_PRECEDENT,ID_CHARGE_INDEX_PRECED) values ('EAU-BAT01',to_date('21/01/23','DD/MM/RR'),'Eau','2632','0','0','INIT-EAU-BAT01',to_date('21/01/23','DD/MM/RR'),null,null);
Insert into SAE_CHARGE_INDEX (ID_CHARGE_INDEX,DATE_DE_RELEVE,TYPE,VALEUR_COMPTEUR,COUT_VARIABLE_UNITAIRE,COUT_FIXE,NUMERO_DOCUMENT,DATE_DOCUMENT,DATE_RELEVE_PRECEDENT,ID_CHARGE_INDEX_PRECED) values ('EAU-BAT01',to_date('01/07/23','DD/MM/RR'),'Eau','2984','2,36','54','EAU-BAT01',to_date('01/07/23','DD/MM/RR'),to_date('21/01/23','DD/MM/RR'),'EAU-BAT01');
Insert into SAE_CHARGE_INDEX (ID_CHARGE_INDEX,DATE_DE_RELEVE,TYPE,VALEUR_COMPTEUR,COUT_VARIABLE_UNITAIRE,COUT_FIXE,NUMERO_DOCUMENT,DATE_DOCUMENT,DATE_RELEVE_PRECEDENT,ID_CHARGE_INDEX_PRECED) values ('EAU-BAT01',to_date('01/02/24','DD/MM/RR'),'Eau','3402','3,25','34','EAU-BAT01',to_date('01/02/24','DD/MM/RR'),to_date('01/07/23','DD/MM/RR'),'EAU-BAT01');
Insert into SAE_CHARGE_INDEX (ID_CHARGE_INDEX,DATE_DE_RELEVE,TYPE,VALEUR_COMPTEUR,COUT_VARIABLE_UNITAIRE,COUT_FIXE,NUMERO_DOCUMENT,DATE_DOCUMENT,DATE_RELEVE_PRECEDENT,ID_CHARGE_INDEX_PRECED) values ('EAU-BAT01',to_date('22/01/25','DD/MM/RR'),'Eau','3723','3,15','34','EAU-BAT01',to_date('22/01/25','DD/MM/RR'),to_date('01/02/24','DD/MM/RR'),'EAU-BAT01');
Insert into SAE_CHARGE_INDEX (ID_CHARGE_INDEX,DATE_DE_RELEVE,TYPE,VALEUR_COMPTEUR,COUT_VARIABLE_UNITAIRE,COUT_FIXE,NUMERO_DOCUMENT,DATE_DOCUMENT,DATE_RELEVE_PRECEDENT,ID_CHARGE_INDEX_PRECED) values ('ELEC-BAT01',to_date('21/01/23','DD/MM/RR'),'Electricité','20323','0','0','INIT-ELEC-BAT01',to_date('21/01/23','DD/MM/RR'),null,null);
Insert into SAE_CHARGE_INDEX (ID_CHARGE_INDEX,DATE_DE_RELEVE,TYPE,VALEUR_COMPTEUR,COUT_VARIABLE_UNITAIRE,COUT_FIXE,NUMERO_DOCUMENT,DATE_DOCUMENT,DATE_RELEVE_PRECEDENT,ID_CHARGE_INDEX_PRECED) values ('ELEC-BAT01',to_date('01/12/23','DD/MM/RR'),'Electricité','21203','0,23','112','ELEC-BAT01',to_date('01/12/23','DD/MM/RR'),to_date('21/01/23','DD/MM/RR'),'ELEC-BAT01');
Insert into SAE_CHARGE_INDEX (ID_CHARGE_INDEX,DATE_DE_RELEVE,TYPE,VALEUR_COMPTEUR,COUT_VARIABLE_UNITAIRE,COUT_FIXE,NUMERO_DOCUMENT,DATE_DOCUMENT,DATE_RELEVE_PRECEDENT,ID_CHARGE_INDEX_PRECED) values ('ELEC-BAT01',to_date('01/07/24','DD/MM/RR'),'Electricité','25323','0,23','82','ELECT-BAT01',to_date('01/07/24','DD/MM/RR'),to_date('01/12/23','DD/MM/RR'),'ELEC-BAT01');
Insert into SAE_CHARGE_INDEX (ID_CHARGE_INDEX,DATE_DE_RELEVE,TYPE,VALEUR_COMPTEUR,COUT_VARIABLE_UNITAIRE,COUT_FIXE,NUMERO_DOCUMENT,DATE_DOCUMENT,DATE_RELEVE_PRECEDENT,ID_CHARGE_INDEX_PRECED) values ('ELEC-BAT01',to_date('01/01/25','DD/MM/RR'),'Electricité','28423','0,23','82','ELEC-BAT01',to_date('01/01/25','DD/MM/RR'),to_date('01/07/24','DD/MM/RR'),'ELEC-BAT01');
commit;
REM INSERTING into SAE_CONTRACTER
SET DEFINE OFF;
Insert into SAE_CONTRACTER (IDENTIFIANT_LOCATAIRE,ID_BAIL,DATE_DE_SORTIE,DATE_D_ENTREE,PART_DE_LOYER) values ('LOC01','BAI11',null,to_date('22/01/23','DD/MM/RR'),'1');
Insert into SAE_CONTRACTER (IDENTIFIANT_LOCATAIRE,ID_BAIL,DATE_DE_SORTIE,DATE_D_ENTREE,PART_DE_LOYER) values ('LOC02','BAI1201',null,to_date('22/01/24','DD/MM/RR'),'1');
Insert into SAE_CONTRACTER (IDENTIFIANT_LOCATAIRE,ID_BAIL,DATE_DE_SORTIE,DATE_D_ENTREE,PART_DE_LOYER) values ('COLOC1','COBAI311',null,to_date('22/01/20','DD/MM/RR'),'0,7');
Insert into SAE_CONTRACTER (IDENTIFIANT_LOCATAIRE,ID_BAIL,DATE_DE_SORTIE,DATE_D_ENTREE,PART_DE_LOYER) values ('COLOC2','COBAI311',null,to_date('22/01/20','DD/MM/RR'),'0,3');
commit;
REM INSERTING into SAE_DOCUMENT_COMPTABLE
SET DEFINE OFF;
Insert into SAE_DOCUMENT_COMPTABLE (NUMERO_DOCUMENT,DATE_DOCUMENT,TYPE_DE_DOCUMENT,MONTANT,FICHIER_DOCUMENT,MONTANT_DEVIS,RECUPERABLE_LOCATAIRE,IDENTIFIANT_LOCATAIRE,IDENTIFIANT_BATIMENT,SIRET,NUMERO_DE_CONTRAT,ANNEE_DU_CONTRAT) values ('INIT-EAU-BAT01',to_date('21/01/23','DD/MM/RR'),'facture_cv','0',null,null,'1',null,'BAT01','124383',null,null);
Insert into SAE_DOCUMENT_COMPTABLE (NUMERO_DOCUMENT,DATE_DOCUMENT,TYPE_DE_DOCUMENT,MONTANT,FICHIER_DOCUMENT,MONTANT_DEVIS,RECUPERABLE_LOCATAIRE,IDENTIFIANT_LOCATAIRE,IDENTIFIANT_BATIMENT,SIRET,NUMERO_DE_CONTRAT,ANNEE_DU_CONTRAT) values ('EAU-BAT01',to_date('01/07/23','DD/MM/RR'),'facture_cv','884,72',null,null,'1',null,'BAT01','124383',null,null);
Insert into SAE_DOCUMENT_COMPTABLE (NUMERO_DOCUMENT,DATE_DOCUMENT,TYPE_DE_DOCUMENT,MONTANT,FICHIER_DOCUMENT,MONTANT_DEVIS,RECUPERABLE_LOCATAIRE,IDENTIFIANT_LOCATAIRE,IDENTIFIANT_BATIMENT,SIRET,NUMERO_DE_CONTRAT,ANNEE_DU_CONTRAT) values ('EAU-BAT01',to_date('01/02/24','DD/MM/RR'),'facture_cv','1392,5',null,null,'1',null,'BAT01','124383',null,null);
Insert into SAE_DOCUMENT_COMPTABLE (NUMERO_DOCUMENT,DATE_DOCUMENT,TYPE_DE_DOCUMENT,MONTANT,FICHIER_DOCUMENT,MONTANT_DEVIS,RECUPERABLE_LOCATAIRE,IDENTIFIANT_LOCATAIRE,IDENTIFIANT_BATIMENT,SIRET,NUMERO_DE_CONTRAT,ANNEE_DU_CONTRAT) values ('EAU-BAT01',to_date('22/01/25','DD/MM/RR'),'facture_cv','1045,15',null,null,'1',null,'BAT01','124383',null,null);
Insert into SAE_DOCUMENT_COMPTABLE (NUMERO_DOCUMENT,DATE_DOCUMENT,TYPE_DE_DOCUMENT,MONTANT,FICHIER_DOCUMENT,MONTANT_DEVIS,RECUPERABLE_LOCATAIRE,IDENTIFIANT_LOCATAIRE,IDENTIFIANT_BATIMENT,SIRET,NUMERO_DE_CONTRAT,ANNEE_DU_CONTRAT) values ('INIT-ELEC-BAT01',to_date('21/01/23','DD/MM/RR'),'facture_cv','0',null,null,'1',null,'BAT01','12746382',null,null);
Insert into SAE_DOCUMENT_COMPTABLE (NUMERO_DOCUMENT,DATE_DOCUMENT,TYPE_DE_DOCUMENT,MONTANT,FICHIER_DOCUMENT,MONTANT_DEVIS,RECUPERABLE_LOCATAIRE,IDENTIFIANT_LOCATAIRE,IDENTIFIANT_BATIMENT,SIRET,NUMERO_DE_CONTRAT,ANNEE_DU_CONTRAT) values ('ELEC-BAT01',to_date('01/12/23','DD/MM/RR'),'facture_cv','314,4',null,null,'1',null,'BAT01','12746382',null,null);
Insert into SAE_DOCUMENT_COMPTABLE (NUMERO_DOCUMENT,DATE_DOCUMENT,TYPE_DE_DOCUMENT,MONTANT,FICHIER_DOCUMENT,MONTANT_DEVIS,RECUPERABLE_LOCATAIRE,IDENTIFIANT_LOCATAIRE,IDENTIFIANT_BATIMENT,SIRET,NUMERO_DE_CONTRAT,ANNEE_DU_CONTRAT) values ('ELECT-BAT01',to_date('01/07/24','DD/MM/RR'),'facture_cv','1029,6',null,null,'1',null,'BAT01','12746382',null,null);
Insert into SAE_DOCUMENT_COMPTABLE (NUMERO_DOCUMENT,DATE_DOCUMENT,TYPE_DE_DOCUMENT,MONTANT,FICHIER_DOCUMENT,MONTANT_DEVIS,RECUPERABLE_LOCATAIRE,IDENTIFIANT_LOCATAIRE,IDENTIFIANT_BATIMENT,SIRET,NUMERO_DE_CONTRAT,ANNEE_DU_CONTRAT) values ('ELEC-BAT01',to_date('01/01/25','DD/MM/RR'),'facture_cv','795',null,null,'1',null,'BAT01','12746382',null,null);
Insert into SAE_DOCUMENT_COMPTABLE (NUMERO_DOCUMENT,DATE_DOCUMENT,TYPE_DE_DOCUMENT,MONTANT,FICHIER_DOCUMENT,MONTANT_DEVIS,RECUPERABLE_LOCATAIRE,IDENTIFIANT_LOCATAIRE,IDENTIFIANT_BATIMENT,SIRET,NUMERO_DE_CONTRAT,ANNEE_DU_CONTRAT) values ('NETTOYAGE-BAI11',to_date('03/06/24','DD/MM/RR'),'facture_cf','143',null,null,'1',null,'BAT01','124383',null,null);
Insert into SAE_DOCUMENT_COMPTABLE (NUMERO_DOCUMENT,DATE_DOCUMENT,TYPE_DE_DOCUMENT,MONTANT,FICHIER_DOCUMENT,MONTANT_DEVIS,RECUPERABLE_LOCATAIRE,IDENTIFIANT_LOCATAIRE,IDENTIFIANT_BATIMENT,SIRET,NUMERO_DE_CONTRAT,ANNEE_DU_CONTRAT) values ('ASSU-BAT01',to_date('23/02/24','DD/MM/RR'),'facture_cf','7423',null,null,'0',null,'BAT01','9332812','1232372','2025');
Insert into SAE_DOCUMENT_COMPTABLE (NUMERO_DOCUMENT,DATE_DOCUMENT,TYPE_DE_DOCUMENT,MONTANT,FICHIER_DOCUMENT,MONTANT_DEVIS,RECUPERABLE_LOCATAIRE,IDENTIFIANT_LOCATAIRE,IDENTIFIANT_BATIMENT,SIRET,NUMERO_DE_CONTRAT,ANNEE_DU_CONTRAT) values ('PLOMB-BAT01',to_date('01/09/24','DD/MM/RR'),'facture_cf','12342',null,null,'0',null,'BAT01','9327942',null,null);
Insert into SAE_DOCUMENT_COMPTABLE (NUMERO_DOCUMENT,DATE_DOCUMENT,TYPE_DE_DOCUMENT,MONTANT,FICHIER_DOCUMENT,MONTANT_DEVIS,RECUPERABLE_LOCATAIRE,IDENTIFIANT_LOCATAIRE,IDENTIFIANT_BATIMENT,SIRET,NUMERO_DE_CONTRAT,ANNEE_DU_CONTRAT) values ('NETTOYAGE-LOG12',to_date('01/07/24','DD/MM/RR'),'facture_cf','783',null,null,'1',null,'BAT01','124383',null,null);
Insert into SAE_DOCUMENT_COMPTABLE (NUMERO_DOCUMENT,DATE_DOCUMENT,TYPE_DE_DOCUMENT,MONTANT,FICHIER_DOCUMENT,MONTANT_DEVIS,RECUPERABLE_LOCATAIRE,IDENTIFIANT_LOCATAIRE,IDENTIFIANT_BATIMENT,SIRET,NUMERO_DE_CONTRAT,ANNEE_DU_CONTRAT) values ('LOC01fb5e339a9a10e5c6838341737c249e36',to_date('10/01/23','DD/MM/RR'),'loyer','550','C:\Users\sacha\Desktop\loyers.csv',null,'1','LOC01','BAT01',null,null,null);
Insert into SAE_DOCUMENT_COMPTABLE (NUMERO_DOCUMENT,DATE_DOCUMENT,TYPE_DE_DOCUMENT,MONTANT,FICHIER_DOCUMENT,MONTANT_DEVIS,RECUPERABLE_LOCATAIRE,IDENTIFIANT_LOCATAIRE,IDENTIFIANT_BATIMENT,SIRET,NUMERO_DE_CONTRAT,ANNEE_DU_CONTRAT) values ('LOC017a7408cc79703c434c5621d85641f503',to_date('10/02/23','DD/MM/RR'),'loyer','550','C:\Users\sacha\Desktop\loyers.csv',null,'1','LOC01','BAT01',null,null,null);
Insert into SAE_DOCUMENT_COMPTABLE (NUMERO_DOCUMENT,DATE_DOCUMENT,TYPE_DE_DOCUMENT,MONTANT,FICHIER_DOCUMENT,MONTANT_DEVIS,RECUPERABLE_LOCATAIRE,IDENTIFIANT_LOCATAIRE,IDENTIFIANT_BATIMENT,SIRET,NUMERO_DE_CONTRAT,ANNEE_DU_CONTRAT) values ('LOC01b76ec2be7abe6227aa5a2ff5c45acb5f',to_date('10/03/23','DD/MM/RR'),'loyer','550','C:\Users\sacha\Desktop\loyers.csv',null,'1','LOC01','BAT01',null,null,null);
Insert into SAE_DOCUMENT_COMPTABLE (NUMERO_DOCUMENT,DATE_DOCUMENT,TYPE_DE_DOCUMENT,MONTANT,FICHIER_DOCUMENT,MONTANT_DEVIS,RECUPERABLE_LOCATAIRE,IDENTIFIANT_LOCATAIRE,IDENTIFIANT_BATIMENT,SIRET,NUMERO_DE_CONTRAT,ANNEE_DU_CONTRAT) values ('LOC01c022b798417a3e6852c106e84d339a36',to_date('10/04/23','DD/MM/RR'),'loyer','550','C:\Users\sacha\Desktop\loyers.csv',null,'1','LOC01','BAT01',null,null,null);
Insert into SAE_DOCUMENT_COMPTABLE (NUMERO_DOCUMENT,DATE_DOCUMENT,TYPE_DE_DOCUMENT,MONTANT,FICHIER_DOCUMENT,MONTANT_DEVIS,RECUPERABLE_LOCATAIRE,IDENTIFIANT_LOCATAIRE,IDENTIFIANT_BATIMENT,SIRET,NUMERO_DE_CONTRAT,ANNEE_DU_CONTRAT) values ('LOC01444a45a610448d7d7930efef8bed202f',to_date('10/05/23','DD/MM/RR'),'loyer','550','C:\Users\sacha\Desktop\loyers.csv',null,'1','LOC01','BAT01',null,null,null);
Insert into SAE_DOCUMENT_COMPTABLE (NUMERO_DOCUMENT,DATE_DOCUMENT,TYPE_DE_DOCUMENT,MONTANT,FICHIER_DOCUMENT,MONTANT_DEVIS,RECUPERABLE_LOCATAIRE,IDENTIFIANT_LOCATAIRE,IDENTIFIANT_BATIMENT,SIRET,NUMERO_DE_CONTRAT,ANNEE_DU_CONTRAT) values ('LOC0100644a3c99f519d2c6d760de0b7b113e',to_date('10/06/23','DD/MM/RR'),'loyer','550','C:\Users\sacha\Desktop\loyers.csv',null,'1','LOC01','BAT01',null,null,null);
Insert into SAE_DOCUMENT_COMPTABLE (NUMERO_DOCUMENT,DATE_DOCUMENT,TYPE_DE_DOCUMENT,MONTANT,FICHIER_DOCUMENT,MONTANT_DEVIS,RECUPERABLE_LOCATAIRE,IDENTIFIANT_LOCATAIRE,IDENTIFIANT_BATIMENT,SIRET,NUMERO_DE_CONTRAT,ANNEE_DU_CONTRAT) values ('LOC016e9edfacf55c82342c3fcc34b7db005b',to_date('10/07/23','DD/MM/RR'),'loyer','550','C:\Users\sacha\Desktop\loyers.csv',null,'1','LOC01','BAT01',null,null,null);
Insert into SAE_DOCUMENT_COMPTABLE (NUMERO_DOCUMENT,DATE_DOCUMENT,TYPE_DE_DOCUMENT,MONTANT,FICHIER_DOCUMENT,MONTANT_DEVIS,RECUPERABLE_LOCATAIRE,IDENTIFIANT_LOCATAIRE,IDENTIFIANT_BATIMENT,SIRET,NUMERO_DE_CONTRAT,ANNEE_DU_CONTRAT) values ('LOC01bff32f25ef6dc23dcd23eb524fec1956',to_date('10/08/23','DD/MM/RR'),'loyer','550','C:\Users\sacha\Desktop\loyers.csv',null,'1','LOC01','BAT01',null,null,null);
Insert into SAE_DOCUMENT_COMPTABLE (NUMERO_DOCUMENT,DATE_DOCUMENT,TYPE_DE_DOCUMENT,MONTANT,FICHIER_DOCUMENT,MONTANT_DEVIS,RECUPERABLE_LOCATAIRE,IDENTIFIANT_LOCATAIRE,IDENTIFIANT_BATIMENT,SIRET,NUMERO_DE_CONTRAT,ANNEE_DU_CONTRAT) values ('LOC011c67a27866b6436145863fe0efbeb14c',to_date('10/09/23','DD/MM/RR'),'loyer','550','C:\Users\sacha\Desktop\loyers.csv',null,'1','LOC01','BAT01',null,null,null);
Insert into SAE_DOCUMENT_COMPTABLE (NUMERO_DOCUMENT,DATE_DOCUMENT,TYPE_DE_DOCUMENT,MONTANT,FICHIER_DOCUMENT,MONTANT_DEVIS,RECUPERABLE_LOCATAIRE,IDENTIFIANT_LOCATAIRE,IDENTIFIANT_BATIMENT,SIRET,NUMERO_DE_CONTRAT,ANNEE_DU_CONTRAT) values ('LOC01a7570b0d756f96c3d5b20cb8d80f7e15',to_date('10/10/23','DD/MM/RR'),'loyer','550','C:\Users\sacha\Desktop\loyers.csv',null,'1','LOC01','BAT01',null,null,null);
Insert into SAE_DOCUMENT_COMPTABLE (NUMERO_DOCUMENT,DATE_DOCUMENT,TYPE_DE_DOCUMENT,MONTANT,FICHIER_DOCUMENT,MONTANT_DEVIS,RECUPERABLE_LOCATAIRE,IDENTIFIANT_LOCATAIRE,IDENTIFIANT_BATIMENT,SIRET,NUMERO_DE_CONTRAT,ANNEE_DU_CONTRAT) values ('LOC01d2c30eea68a8dae053cdd33e6853d261',to_date('10/11/23','DD/MM/RR'),'loyer','550','C:\Users\sacha\Desktop\loyers.csv',null,'1','LOC01','BAT01',null,null,null);
Insert into SAE_DOCUMENT_COMPTABLE (NUMERO_DOCUMENT,DATE_DOCUMENT,TYPE_DE_DOCUMENT,MONTANT,FICHIER_DOCUMENT,MONTANT_DEVIS,RECUPERABLE_LOCATAIRE,IDENTIFIANT_LOCATAIRE,IDENTIFIANT_BATIMENT,SIRET,NUMERO_DE_CONTRAT,ANNEE_DU_CONTRAT) values ('LOC01f2acec37f532548d061f0abeb223a058',to_date('10/12/23','DD/MM/RR'),'loyer','550','C:\Users\sacha\Desktop\loyers.csv',null,'1','LOC01','BAT01',null,null,null);
Insert into SAE_DOCUMENT_COMPTABLE (NUMERO_DOCUMENT,DATE_DOCUMENT,TYPE_DE_DOCUMENT,MONTANT,FICHIER_DOCUMENT,MONTANT_DEVIS,RECUPERABLE_LOCATAIRE,IDENTIFIANT_LOCATAIRE,IDENTIFIANT_BATIMENT,SIRET,NUMERO_DE_CONTRAT,ANNEE_DU_CONTRAT) values ('LOC013b122b8feda0c03c109b0a591daa3cb1',to_date('10/01/24','DD/MM/RR'),'loyer','550','C:\Users\sacha\Desktop\loyers.csv',null,'1','LOC01','BAT01',null,null,null);
Insert into SAE_DOCUMENT_COMPTABLE (NUMERO_DOCUMENT,DATE_DOCUMENT,TYPE_DE_DOCUMENT,MONTANT,FICHIER_DOCUMENT,MONTANT_DEVIS,RECUPERABLE_LOCATAIRE,IDENTIFIANT_LOCATAIRE,IDENTIFIANT_BATIMENT,SIRET,NUMERO_DE_CONTRAT,ANNEE_DU_CONTRAT) values ('LOC01233fe25546c2bd3314f80968f387c293',to_date('10/02/24','DD/MM/RR'),'loyer','550','C:\Users\sacha\Desktop\loyers.csv',null,'1','LOC01','BAT01',null,null,null);
Insert into SAE_DOCUMENT_COMPTABLE (NUMERO_DOCUMENT,DATE_DOCUMENT,TYPE_DE_DOCUMENT,MONTANT,FICHIER_DOCUMENT,MONTANT_DEVIS,RECUPERABLE_LOCATAIRE,IDENTIFIANT_LOCATAIRE,IDENTIFIANT_BATIMENT,SIRET,NUMERO_DE_CONTRAT,ANNEE_DU_CONTRAT) values ('LOC01ae6cb38f881d9b621232bb4545e447ca',to_date('10/03/24','DD/MM/RR'),'loyer','550','C:\Users\sacha\Desktop\loyers.csv',null,'1','LOC01','BAT01',null,null,null);
Insert into SAE_DOCUMENT_COMPTABLE (NUMERO_DOCUMENT,DATE_DOCUMENT,TYPE_DE_DOCUMENT,MONTANT,FICHIER_DOCUMENT,MONTANT_DEVIS,RECUPERABLE_LOCATAIRE,IDENTIFIANT_LOCATAIRE,IDENTIFIANT_BATIMENT,SIRET,NUMERO_DE_CONTRAT,ANNEE_DU_CONTRAT) values ('LOC0196d0a750f927bd4abe31cce596eb6dca',to_date('10/04/24','DD/MM/RR'),'loyer','550','C:\Users\sacha\Desktop\loyers.csv',null,'1','LOC01','BAT01',null,null,null);
Insert into SAE_DOCUMENT_COMPTABLE (NUMERO_DOCUMENT,DATE_DOCUMENT,TYPE_DE_DOCUMENT,MONTANT,FICHIER_DOCUMENT,MONTANT_DEVIS,RECUPERABLE_LOCATAIRE,IDENTIFIANT_LOCATAIRE,IDENTIFIANT_BATIMENT,SIRET,NUMERO_DE_CONTRAT,ANNEE_DU_CONTRAT) values ('LOC01eff7527c8ccbbfe7f5b4256b22407296',to_date('10/05/24','DD/MM/RR'),'loyer','550','C:\Users\sacha\Desktop\loyers.csv',null,'1','LOC01','BAT01',null,null,null);
Insert into SAE_DOCUMENT_COMPTABLE (NUMERO_DOCUMENT,DATE_DOCUMENT,TYPE_DE_DOCUMENT,MONTANT,FICHIER_DOCUMENT,MONTANT_DEVIS,RECUPERABLE_LOCATAIRE,IDENTIFIANT_LOCATAIRE,IDENTIFIANT_BATIMENT,SIRET,NUMERO_DE_CONTRAT,ANNEE_DU_CONTRAT) values ('LOC01773f63adf06e7c0e711ae9808fe5275f',to_date('10/06/24','DD/MM/RR'),'loyer','550','C:\Users\sacha\Desktop\loyers.csv',null,'1','LOC01','BAT01',null,null,null);
Insert into SAE_DOCUMENT_COMPTABLE (NUMERO_DOCUMENT,DATE_DOCUMENT,TYPE_DE_DOCUMENT,MONTANT,FICHIER_DOCUMENT,MONTANT_DEVIS,RECUPERABLE_LOCATAIRE,IDENTIFIANT_LOCATAIRE,IDENTIFIANT_BATIMENT,SIRET,NUMERO_DE_CONTRAT,ANNEE_DU_CONTRAT) values ('LOC011e0fd58394ae7cf9c1b5b5a06ab7c192',to_date('10/07/24','DD/MM/RR'),'loyer','550','C:\Users\sacha\Desktop\loyers.csv',null,'1','LOC01','BAT01',null,null,null);
Insert into SAE_DOCUMENT_COMPTABLE (NUMERO_DOCUMENT,DATE_DOCUMENT,TYPE_DE_DOCUMENT,MONTANT,FICHIER_DOCUMENT,MONTANT_DEVIS,RECUPERABLE_LOCATAIRE,IDENTIFIANT_LOCATAIRE,IDENTIFIANT_BATIMENT,SIRET,NUMERO_DE_CONTRAT,ANNEE_DU_CONTRAT) values ('LOC010013f6fc76aae49ccd020912fc65485e',to_date('10/08/24','DD/MM/RR'),'loyer','550','C:\Users\sacha\Desktop\loyers.csv',null,'1','LOC01','BAT01',null,null,null);
Insert into SAE_DOCUMENT_COMPTABLE (NUMERO_DOCUMENT,DATE_DOCUMENT,TYPE_DE_DOCUMENT,MONTANT,FICHIER_DOCUMENT,MONTANT_DEVIS,RECUPERABLE_LOCATAIRE,IDENTIFIANT_LOCATAIRE,IDENTIFIANT_BATIMENT,SIRET,NUMERO_DE_CONTRAT,ANNEE_DU_CONTRAT) values ('LOC0102637e3689af075fe4c57897cc3d1d01',to_date('10/09/24','DD/MM/RR'),'loyer','550','C:\Users\sacha\Desktop\loyers.csv',null,'1','LOC01','BAT01',null,null,null);
Insert into SAE_DOCUMENT_COMPTABLE (NUMERO_DOCUMENT,DATE_DOCUMENT,TYPE_DE_DOCUMENT,MONTANT,FICHIER_DOCUMENT,MONTANT_DEVIS,RECUPERABLE_LOCATAIRE,IDENTIFIANT_LOCATAIRE,IDENTIFIANT_BATIMENT,SIRET,NUMERO_DE_CONTRAT,ANNEE_DU_CONTRAT) values ('LOC01cd76294220b7fdbc0a99d029c39880a9',to_date('10/10/24','DD/MM/RR'),'loyer','550','C:\Users\sacha\Desktop\loyers.csv',null,'1','LOC01','BAT01',null,null,null);
Insert into SAE_DOCUMENT_COMPTABLE (NUMERO_DOCUMENT,DATE_DOCUMENT,TYPE_DE_DOCUMENT,MONTANT,FICHIER_DOCUMENT,MONTANT_DEVIS,RECUPERABLE_LOCATAIRE,IDENTIFIANT_LOCATAIRE,IDENTIFIANT_BATIMENT,SIRET,NUMERO_DE_CONTRAT,ANNEE_DU_CONTRAT) values ('LOC016d1f57ed92a43cb90e046580cc34f8b5',to_date('10/11/24','DD/MM/RR'),'loyer','550','C:\Users\sacha\Desktop\loyers.csv',null,'1','LOC01','BAT01',null,null,null);
Insert into SAE_DOCUMENT_COMPTABLE (NUMERO_DOCUMENT,DATE_DOCUMENT,TYPE_DE_DOCUMENT,MONTANT,FICHIER_DOCUMENT,MONTANT_DEVIS,RECUPERABLE_LOCATAIRE,IDENTIFIANT_LOCATAIRE,IDENTIFIANT_BATIMENT,SIRET,NUMERO_DE_CONTRAT,ANNEE_DU_CONTRAT) values ('LOC01b8b83c8459ca64ca9a176a24ec7a008b',to_date('10/12/24','DD/MM/RR'),'loyer','550','C:\Users\sacha\Desktop\loyers.csv',null,'1','LOC01','BAT01',null,null,null);
Insert into SAE_DOCUMENT_COMPTABLE (NUMERO_DOCUMENT,DATE_DOCUMENT,TYPE_DE_DOCUMENT,MONTANT,FICHIER_DOCUMENT,MONTANT_DEVIS,RECUPERABLE_LOCATAIRE,IDENTIFIANT_LOCATAIRE,IDENTIFIANT_BATIMENT,SIRET,NUMERO_DE_CONTRAT,ANNEE_DU_CONTRAT) values ('LOC01171da6dd75668e506b60603cd0750b3c',to_date('10/01/25','DD/MM/RR'),'loyer','550','C:\Users\sacha\Desktop\loyers.csv',null,'1','LOC01','BAT01',null,null,null);
Insert into SAE_DOCUMENT_COMPTABLE (NUMERO_DOCUMENT,DATE_DOCUMENT,TYPE_DE_DOCUMENT,MONTANT,FICHIER_DOCUMENT,MONTANT_DEVIS,RECUPERABLE_LOCATAIRE,IDENTIFIANT_LOCATAIRE,IDENTIFIANT_BATIMENT,SIRET,NUMERO_DE_CONTRAT,ANNEE_DU_CONTRAT) values ('LOC02be5827340b24d23123c1f3c0625805f9',to_date('10/01/23','DD/MM/RR'),'loyer','360','C:\Users\sacha\Desktop\loyers.csv',null,'1','LOC02','BAT01',null,null,null);
Insert into SAE_DOCUMENT_COMPTABLE (NUMERO_DOCUMENT,DATE_DOCUMENT,TYPE_DE_DOCUMENT,MONTANT,FICHIER_DOCUMENT,MONTANT_DEVIS,RECUPERABLE_LOCATAIRE,IDENTIFIANT_LOCATAIRE,IDENTIFIANT_BATIMENT,SIRET,NUMERO_DE_CONTRAT,ANNEE_DU_CONTRAT) values ('LOC0282a38318961f12c6ac346cb5b0a13a35',to_date('10/02/23','DD/MM/RR'),'loyer','360','C:\Users\sacha\Desktop\loyers.csv',null,'1','LOC02','BAT01',null,null,null);
Insert into SAE_DOCUMENT_COMPTABLE (NUMERO_DOCUMENT,DATE_DOCUMENT,TYPE_DE_DOCUMENT,MONTANT,FICHIER_DOCUMENT,MONTANT_DEVIS,RECUPERABLE_LOCATAIRE,IDENTIFIANT_LOCATAIRE,IDENTIFIANT_BATIMENT,SIRET,NUMERO_DE_CONTRAT,ANNEE_DU_CONTRAT) values ('LOC029160f12f4b123244b912a9e4d85a6a82',to_date('10/03/23','DD/MM/RR'),'loyer','360','C:\Users\sacha\Desktop\loyers.csv',null,'1','LOC02','BAT01',null,null,null);
Insert into SAE_DOCUMENT_COMPTABLE (NUMERO_DOCUMENT,DATE_DOCUMENT,TYPE_DE_DOCUMENT,MONTANT,FICHIER_DOCUMENT,MONTANT_DEVIS,RECUPERABLE_LOCATAIRE,IDENTIFIANT_LOCATAIRE,IDENTIFIANT_BATIMENT,SIRET,NUMERO_DE_CONTRAT,ANNEE_DU_CONTRAT) values ('LOC02e68604d354d9ecd1825fbedec7f73d01',to_date('10/04/23','DD/MM/RR'),'loyer','360','C:\Users\sacha\Desktop\loyers.csv',null,'1','LOC02','BAT01',null,null,null);
Insert into SAE_DOCUMENT_COMPTABLE (NUMERO_DOCUMENT,DATE_DOCUMENT,TYPE_DE_DOCUMENT,MONTANT,FICHIER_DOCUMENT,MONTANT_DEVIS,RECUPERABLE_LOCATAIRE,IDENTIFIANT_LOCATAIRE,IDENTIFIANT_BATIMENT,SIRET,NUMERO_DE_CONTRAT,ANNEE_DU_CONTRAT) values ('LOC02797afa6b4fb3e85fde19e3cd8419c038',to_date('10/05/23','DD/MM/RR'),'loyer','360','C:\Users\sacha\Desktop\loyers.csv',null,'1','LOC02','BAT01',null,null,null);
Insert into SAE_DOCUMENT_COMPTABLE (NUMERO_DOCUMENT,DATE_DOCUMENT,TYPE_DE_DOCUMENT,MONTANT,FICHIER_DOCUMENT,MONTANT_DEVIS,RECUPERABLE_LOCATAIRE,IDENTIFIANT_LOCATAIRE,IDENTIFIANT_BATIMENT,SIRET,NUMERO_DE_CONTRAT,ANNEE_DU_CONTRAT) values ('LOC02f7a79670b1f6b8d95cb73e4144a85326',to_date('10/06/23','DD/MM/RR'),'loyer','360','C:\Users\sacha\Desktop\loyers.csv',null,'1','LOC02','BAT01',null,null,null);
Insert into SAE_DOCUMENT_COMPTABLE (NUMERO_DOCUMENT,DATE_DOCUMENT,TYPE_DE_DOCUMENT,MONTANT,FICHIER_DOCUMENT,MONTANT_DEVIS,RECUPERABLE_LOCATAIRE,IDENTIFIANT_LOCATAIRE,IDENTIFIANT_BATIMENT,SIRET,NUMERO_DE_CONTRAT,ANNEE_DU_CONTRAT) values ('LOC02ee62c3ef0aef8e1e403af6ae812fc7dc',to_date('10/07/23','DD/MM/RR'),'loyer','360','C:\Users\sacha\Desktop\loyers.csv',null,'1','LOC02','BAT01',null,null,null);
Insert into SAE_DOCUMENT_COMPTABLE (NUMERO_DOCUMENT,DATE_DOCUMENT,TYPE_DE_DOCUMENT,MONTANT,FICHIER_DOCUMENT,MONTANT_DEVIS,RECUPERABLE_LOCATAIRE,IDENTIFIANT_LOCATAIRE,IDENTIFIANT_BATIMENT,SIRET,NUMERO_DE_CONTRAT,ANNEE_DU_CONTRAT) values ('LOC0269803479fae2b8758c9bda1dd08fa4fc',to_date('10/08/23','DD/MM/RR'),'loyer','360','C:\Users\sacha\Desktop\loyers.csv',null,'1','LOC02','BAT01',null,null,null);
Insert into SAE_DOCUMENT_COMPTABLE (NUMERO_DOCUMENT,DATE_DOCUMENT,TYPE_DE_DOCUMENT,MONTANT,FICHIER_DOCUMENT,MONTANT_DEVIS,RECUPERABLE_LOCATAIRE,IDENTIFIANT_LOCATAIRE,IDENTIFIANT_BATIMENT,SIRET,NUMERO_DE_CONTRAT,ANNEE_DU_CONTRAT) values ('LOC021a5e7be7e30e98fbd2da8680d571680e',to_date('10/09/23','DD/MM/RR'),'loyer','360','C:\Users\sacha\Desktop\loyers.csv',null,'1','LOC02','BAT01',null,null,null);
Insert into SAE_DOCUMENT_COMPTABLE (NUMERO_DOCUMENT,DATE_DOCUMENT,TYPE_DE_DOCUMENT,MONTANT,FICHIER_DOCUMENT,MONTANT_DEVIS,RECUPERABLE_LOCATAIRE,IDENTIFIANT_LOCATAIRE,IDENTIFIANT_BATIMENT,SIRET,NUMERO_DE_CONTRAT,ANNEE_DU_CONTRAT) values ('LOC0245bee6a62ca10a1ea08f315aafc64315',to_date('10/10/23','DD/MM/RR'),'loyer','360','C:\Users\sacha\Desktop\loyers.csv',null,'1','LOC02','BAT01',null,null,null);
Insert into SAE_DOCUMENT_COMPTABLE (NUMERO_DOCUMENT,DATE_DOCUMENT,TYPE_DE_DOCUMENT,MONTANT,FICHIER_DOCUMENT,MONTANT_DEVIS,RECUPERABLE_LOCATAIRE,IDENTIFIANT_LOCATAIRE,IDENTIFIANT_BATIMENT,SIRET,NUMERO_DE_CONTRAT,ANNEE_DU_CONTRAT) values ('LOC0294aa1654e8cf0670ee8714efc1133ffb',to_date('10/11/23','DD/MM/RR'),'loyer','360','C:\Users\sacha\Desktop\loyers.csv',null,'1','LOC02','BAT01',null,null,null);
Insert into SAE_DOCUMENT_COMPTABLE (NUMERO_DOCUMENT,DATE_DOCUMENT,TYPE_DE_DOCUMENT,MONTANT,FICHIER_DOCUMENT,MONTANT_DEVIS,RECUPERABLE_LOCATAIRE,IDENTIFIANT_LOCATAIRE,IDENTIFIANT_BATIMENT,SIRET,NUMERO_DE_CONTRAT,ANNEE_DU_CONTRAT) values ('LOC023a47372697082fa125bde512162892fe',to_date('10/12/23','DD/MM/RR'),'loyer','360','C:\Users\sacha\Desktop\loyers.csv',null,'1','LOC02','BAT01',null,null,null);
Insert into SAE_DOCUMENT_COMPTABLE (NUMERO_DOCUMENT,DATE_DOCUMENT,TYPE_DE_DOCUMENT,MONTANT,FICHIER_DOCUMENT,MONTANT_DEVIS,RECUPERABLE_LOCATAIRE,IDENTIFIANT_LOCATAIRE,IDENTIFIANT_BATIMENT,SIRET,NUMERO_DE_CONTRAT,ANNEE_DU_CONTRAT) values ('LOC02c41e76ff2cd56a72a8dd47f7b5e83e3e',to_date('10/01/24','DD/MM/RR'),'loyer','360','C:\Users\sacha\Desktop\loyers.csv',null,'1','LOC02','BAT01',null,null,null);
Insert into SAE_DOCUMENT_COMPTABLE (NUMERO_DOCUMENT,DATE_DOCUMENT,TYPE_DE_DOCUMENT,MONTANT,FICHIER_DOCUMENT,MONTANT_DEVIS,RECUPERABLE_LOCATAIRE,IDENTIFIANT_LOCATAIRE,IDENTIFIANT_BATIMENT,SIRET,NUMERO_DE_CONTRAT,ANNEE_DU_CONTRAT) values ('LOC02e09e30528e72f6d061b4699355c202ea',to_date('10/02/24','DD/MM/RR'),'loyer','360','C:\Users\sacha\Desktop\loyers.csv',null,'1','LOC02','BAT01',null,null,null);
Insert into SAE_DOCUMENT_COMPTABLE (NUMERO_DOCUMENT,DATE_DOCUMENT,TYPE_DE_DOCUMENT,MONTANT,FICHIER_DOCUMENT,MONTANT_DEVIS,RECUPERABLE_LOCATAIRE,IDENTIFIANT_LOCATAIRE,IDENTIFIANT_BATIMENT,SIRET,NUMERO_DE_CONTRAT,ANNEE_DU_CONTRAT) values ('LOC02bdd424219b8c8dadc6298e3f3e692837',to_date('10/03/24','DD/MM/RR'),'loyer','360','C:\Users\sacha\Desktop\loyers.csv',null,'1','LOC02','BAT01',null,null,null);
Insert into SAE_DOCUMENT_COMPTABLE (NUMERO_DOCUMENT,DATE_DOCUMENT,TYPE_DE_DOCUMENT,MONTANT,FICHIER_DOCUMENT,MONTANT_DEVIS,RECUPERABLE_LOCATAIRE,IDENTIFIANT_LOCATAIRE,IDENTIFIANT_BATIMENT,SIRET,NUMERO_DE_CONTRAT,ANNEE_DU_CONTRAT) values ('LOC02d3f5bbecde73d267776bb5ef199bf347',to_date('10/04/24','DD/MM/RR'),'loyer','360','C:\Users\sacha\Desktop\loyers.csv',null,'1','LOC02','BAT01',null,null,null);
Insert into SAE_DOCUMENT_COMPTABLE (NUMERO_DOCUMENT,DATE_DOCUMENT,TYPE_DE_DOCUMENT,MONTANT,FICHIER_DOCUMENT,MONTANT_DEVIS,RECUPERABLE_LOCATAIRE,IDENTIFIANT_LOCATAIRE,IDENTIFIANT_BATIMENT,SIRET,NUMERO_DE_CONTRAT,ANNEE_DU_CONTRAT) values ('LOC029a696676c75f37d223808743182cea15',to_date('10/05/24','DD/MM/RR'),'loyer','360','C:\Users\sacha\Desktop\loyers.csv',null,'1','LOC02','BAT01',null,null,null);
Insert into SAE_DOCUMENT_COMPTABLE (NUMERO_DOCUMENT,DATE_DOCUMENT,TYPE_DE_DOCUMENT,MONTANT,FICHIER_DOCUMENT,MONTANT_DEVIS,RECUPERABLE_LOCATAIRE,IDENTIFIANT_LOCATAIRE,IDENTIFIANT_BATIMENT,SIRET,NUMERO_DE_CONTRAT,ANNEE_DU_CONTRAT) values ('LOC02853bb312d400e1bbbaff9a4a6c2173c6',to_date('10/06/24','DD/MM/RR'),'loyer','360','C:\Users\sacha\Desktop\loyers.csv',null,'1','LOC02','BAT01',null,null,null);
Insert into SAE_DOCUMENT_COMPTABLE (NUMERO_DOCUMENT,DATE_DOCUMENT,TYPE_DE_DOCUMENT,MONTANT,FICHIER_DOCUMENT,MONTANT_DEVIS,RECUPERABLE_LOCATAIRE,IDENTIFIANT_LOCATAIRE,IDENTIFIANT_BATIMENT,SIRET,NUMERO_DE_CONTRAT,ANNEE_DU_CONTRAT) values ('LOC022e0f8d88c38970d98e2901efa7bf6543',to_date('10/07/24','DD/MM/RR'),'loyer','360','C:\Users\sacha\Desktop\loyers.csv',null,'1','LOC02','BAT01',null,null,null);
Insert into SAE_DOCUMENT_COMPTABLE (NUMERO_DOCUMENT,DATE_DOCUMENT,TYPE_DE_DOCUMENT,MONTANT,FICHIER_DOCUMENT,MONTANT_DEVIS,RECUPERABLE_LOCATAIRE,IDENTIFIANT_LOCATAIRE,IDENTIFIANT_BATIMENT,SIRET,NUMERO_DE_CONTRAT,ANNEE_DU_CONTRAT) values ('LOC02cefc5118d999887e17aeb0fc075c6d92',to_date('10/08/24','DD/MM/RR'),'loyer','360','C:\Users\sacha\Desktop\loyers.csv',null,'1','LOC02','BAT01',null,null,null);
Insert into SAE_DOCUMENT_COMPTABLE (NUMERO_DOCUMENT,DATE_DOCUMENT,TYPE_DE_DOCUMENT,MONTANT,FICHIER_DOCUMENT,MONTANT_DEVIS,RECUPERABLE_LOCATAIRE,IDENTIFIANT_LOCATAIRE,IDENTIFIANT_BATIMENT,SIRET,NUMERO_DE_CONTRAT,ANNEE_DU_CONTRAT) values ('LOC02bfebcdabfcc1aec6c9ff6a149f2bc115',to_date('10/09/24','DD/MM/RR'),'loyer','360','C:\Users\sacha\Desktop\loyers.csv',null,'1','LOC02','BAT01',null,null,null);
Insert into SAE_DOCUMENT_COMPTABLE (NUMERO_DOCUMENT,DATE_DOCUMENT,TYPE_DE_DOCUMENT,MONTANT,FICHIER_DOCUMENT,MONTANT_DEVIS,RECUPERABLE_LOCATAIRE,IDENTIFIANT_LOCATAIRE,IDENTIFIANT_BATIMENT,SIRET,NUMERO_DE_CONTRAT,ANNEE_DU_CONTRAT) values ('LOC023bd5ad3e0f26443de6c5d2114758bfa9',to_date('10/10/24','DD/MM/RR'),'loyer','360','C:\Users\sacha\Desktop\loyers.csv',null,'1','LOC02','BAT01',null,null,null);
Insert into SAE_DOCUMENT_COMPTABLE (NUMERO_DOCUMENT,DATE_DOCUMENT,TYPE_DE_DOCUMENT,MONTANT,FICHIER_DOCUMENT,MONTANT_DEVIS,RECUPERABLE_LOCATAIRE,IDENTIFIANT_LOCATAIRE,IDENTIFIANT_BATIMENT,SIRET,NUMERO_DE_CONTRAT,ANNEE_DU_CONTRAT) values ('LOC026eea64b4bc110d081a219f52a29702a7',to_date('10/11/24','DD/MM/RR'),'loyer','360','C:\Users\sacha\Desktop\loyers.csv',null,'1','LOC02','BAT01',null,null,null);
Insert into SAE_DOCUMENT_COMPTABLE (NUMERO_DOCUMENT,DATE_DOCUMENT,TYPE_DE_DOCUMENT,MONTANT,FICHIER_DOCUMENT,MONTANT_DEVIS,RECUPERABLE_LOCATAIRE,IDENTIFIANT_LOCATAIRE,IDENTIFIANT_BATIMENT,SIRET,NUMERO_DE_CONTRAT,ANNEE_DU_CONTRAT) values ('LOC023ebd78b2b68136abbec43b09c0e19466',to_date('10/12/24','DD/MM/RR'),'loyer','360','C:\Users\sacha\Desktop\loyers.csv',null,'1','LOC02','BAT01',null,null,null);
Insert into SAE_DOCUMENT_COMPTABLE (NUMERO_DOCUMENT,DATE_DOCUMENT,TYPE_DE_DOCUMENT,MONTANT,FICHIER_DOCUMENT,MONTANT_DEVIS,RECUPERABLE_LOCATAIRE,IDENTIFIANT_LOCATAIRE,IDENTIFIANT_BATIMENT,SIRET,NUMERO_DE_CONTRAT,ANNEE_DU_CONTRAT) values ('LOC0262db1c3d25a43965f30fb6b179c69fca',to_date('10/01/25','DD/MM/RR'),'loyer','360','C:\Users\sacha\Desktop\loyers.csv',null,'1','LOC02','BAT01',null,null,null);
commit;
REM INSERTING into SAE_ENTREPRISE
SET DEFINE OFF;
Insert into SAE_ENTREPRISE (SIRET,SECTEUR_D_ACTIVITE,NOM,ID_SAE_ADRESSE) values ('124383','Eau','Eau de Toulouse','ADRE01');
Insert into SAE_ENTREPRISE (SIRET,SECTEUR_D_ACTIVITE,NOM,ID_SAE_ADRESSE) values ('12746382','Electricité','EDF','ADRE02');
Insert into SAE_ENTREPRISE (SIRET,SECTEUR_D_ACTIVITE,NOM,ID_SAE_ADRESSE) values ('9327942','Plomberie','Plomb''Lambiance','ADRE03');
Insert into SAE_ENTREPRISE (SIRET,SECTEUR_D_ACTIVITE,NOM,ID_SAE_ADRESSE) values ('312323','Nettoyage','Detritus Bye Bye','ADRE04');
Insert into SAE_ENTREPRISE (SIRET,SECTEUR_D_ACTIVITE,NOM,ID_SAE_ADRESSE) values ('9332812','Assurance','Assur-1MAX','ADRE05');
commit;
REM INSERTING into SAE_ETRE_LIE
SET DEFINE OFF;
REM INSERTING into SAE_FACTURE_DU_BIEN
SET DEFINE OFF;
Insert into SAE_FACTURE_DU_BIEN (IDENTIFIANT_LOGEMENT,NUMERO_DOCUMENT,DATE_DOCUMENT,PART_DES_CHARGES) values ('LOG11','INIT-EAU-BAT01',to_date('21/01/23','DD/MM/RR'),'1');
Insert into SAE_FACTURE_DU_BIEN (IDENTIFIANT_LOGEMENT,NUMERO_DOCUMENT,DATE_DOCUMENT,PART_DES_CHARGES) values ('LOG11','EAU-BAT01',to_date('01/07/23','DD/MM/RR'),'1');
Insert into SAE_FACTURE_DU_BIEN (IDENTIFIANT_LOGEMENT,NUMERO_DOCUMENT,DATE_DOCUMENT,PART_DES_CHARGES) values ('LOG11','EAU-BAT01',to_date('01/02/24','DD/MM/RR'),'1');
Insert into SAE_FACTURE_DU_BIEN (IDENTIFIANT_LOGEMENT,NUMERO_DOCUMENT,DATE_DOCUMENT,PART_DES_CHARGES) values ('LOG11','EAU-BAT01',to_date('22/01/25','DD/MM/RR'),'1');
Insert into SAE_FACTURE_DU_BIEN (IDENTIFIANT_LOGEMENT,NUMERO_DOCUMENT,DATE_DOCUMENT,PART_DES_CHARGES) values ('LOG11','INIT-ELEC-BAT01',to_date('21/01/23','DD/MM/RR'),'1');
Insert into SAE_FACTURE_DU_BIEN (IDENTIFIANT_LOGEMENT,NUMERO_DOCUMENT,DATE_DOCUMENT,PART_DES_CHARGES) values ('LOG11','ELEC-BAT01',to_date('01/12/23','DD/MM/RR'),'1');
Insert into SAE_FACTURE_DU_BIEN (IDENTIFIANT_LOGEMENT,NUMERO_DOCUMENT,DATE_DOCUMENT,PART_DES_CHARGES) values ('LOG11','ELECT-BAT01',to_date('01/07/24','DD/MM/RR'),'1');
Insert into SAE_FACTURE_DU_BIEN (IDENTIFIANT_LOGEMENT,NUMERO_DOCUMENT,DATE_DOCUMENT,PART_DES_CHARGES) values ('LOG11','ELEC-BAT01',to_date('01/01/25','DD/MM/RR'),'1');
Insert into SAE_FACTURE_DU_BIEN (IDENTIFIANT_LOGEMENT,NUMERO_DOCUMENT,DATE_DOCUMENT,PART_DES_CHARGES) values ('LOG11','NETTOYAGE-BAI11',to_date('03/06/24','DD/MM/RR'),'1');
Insert into SAE_FACTURE_DU_BIEN (IDENTIFIANT_LOGEMENT,NUMERO_DOCUMENT,DATE_DOCUMENT,PART_DES_CHARGES) values ('LOG11','ASSU-BAT01',to_date('23/02/24','DD/MM/RR'),'0,5');
Insert into SAE_FACTURE_DU_BIEN (IDENTIFIANT_LOGEMENT,NUMERO_DOCUMENT,DATE_DOCUMENT,PART_DES_CHARGES) values ('LOG12','ASSU-BAT01',to_date('23/02/24','DD/MM/RR'),'0,5');
Insert into SAE_FACTURE_DU_BIEN (IDENTIFIANT_LOGEMENT,NUMERO_DOCUMENT,DATE_DOCUMENT,PART_DES_CHARGES) values ('LOG11','PLOMB-BAT01',to_date('01/09/24','DD/MM/RR'),'0,5');
Insert into SAE_FACTURE_DU_BIEN (IDENTIFIANT_LOGEMENT,NUMERO_DOCUMENT,DATE_DOCUMENT,PART_DES_CHARGES) values ('LOG12','PLOMB-BAT01',to_date('01/09/24','DD/MM/RR'),'0,5');
Insert into SAE_FACTURE_DU_BIEN (IDENTIFIANT_LOGEMENT,NUMERO_DOCUMENT,DATE_DOCUMENT,PART_DES_CHARGES) values ('LOG12','NETTOYAGE-LOG12',to_date('01/07/24','DD/MM/RR'),'1');
Insert into SAE_FACTURE_DU_BIEN (IDENTIFIANT_LOGEMENT,NUMERO_DOCUMENT,DATE_DOCUMENT,PART_DES_CHARGES) values ('LOG11','LOC01fb5e339a9a10e5c6838341737c249e36',to_date('10/01/23','DD/MM/RR'),'1');
Insert into SAE_FACTURE_DU_BIEN (IDENTIFIANT_LOGEMENT,NUMERO_DOCUMENT,DATE_DOCUMENT,PART_DES_CHARGES) values ('LOG11','LOC017a7408cc79703c434c5621d85641f503',to_date('10/02/23','DD/MM/RR'),'1');
Insert into SAE_FACTURE_DU_BIEN (IDENTIFIANT_LOGEMENT,NUMERO_DOCUMENT,DATE_DOCUMENT,PART_DES_CHARGES) values ('LOG11','LOC01b76ec2be7abe6227aa5a2ff5c45acb5f',to_date('10/03/23','DD/MM/RR'),'1');
Insert into SAE_FACTURE_DU_BIEN (IDENTIFIANT_LOGEMENT,NUMERO_DOCUMENT,DATE_DOCUMENT,PART_DES_CHARGES) values ('LOG11','LOC01c022b798417a3e6852c106e84d339a36',to_date('10/04/23','DD/MM/RR'),'1');
Insert into SAE_FACTURE_DU_BIEN (IDENTIFIANT_LOGEMENT,NUMERO_DOCUMENT,DATE_DOCUMENT,PART_DES_CHARGES) values ('LOG11','LOC01444a45a610448d7d7930efef8bed202f',to_date('10/05/23','DD/MM/RR'),'1');
Insert into SAE_FACTURE_DU_BIEN (IDENTIFIANT_LOGEMENT,NUMERO_DOCUMENT,DATE_DOCUMENT,PART_DES_CHARGES) values ('LOG11','LOC0100644a3c99f519d2c6d760de0b7b113e',to_date('10/06/23','DD/MM/RR'),'1');
Insert into SAE_FACTURE_DU_BIEN (IDENTIFIANT_LOGEMENT,NUMERO_DOCUMENT,DATE_DOCUMENT,PART_DES_CHARGES) values ('LOG11','LOC016e9edfacf55c82342c3fcc34b7db005b',to_date('10/07/23','DD/MM/RR'),'1');
Insert into SAE_FACTURE_DU_BIEN (IDENTIFIANT_LOGEMENT,NUMERO_DOCUMENT,DATE_DOCUMENT,PART_DES_CHARGES) values ('LOG11','LOC01bff32f25ef6dc23dcd23eb524fec1956',to_date('10/08/23','DD/MM/RR'),'1');
Insert into SAE_FACTURE_DU_BIEN (IDENTIFIANT_LOGEMENT,NUMERO_DOCUMENT,DATE_DOCUMENT,PART_DES_CHARGES) values ('LOG11','LOC011c67a27866b6436145863fe0efbeb14c',to_date('10/09/23','DD/MM/RR'),'1');
Insert into SAE_FACTURE_DU_BIEN (IDENTIFIANT_LOGEMENT,NUMERO_DOCUMENT,DATE_DOCUMENT,PART_DES_CHARGES) values ('LOG11','LOC01a7570b0d756f96c3d5b20cb8d80f7e15',to_date('10/10/23','DD/MM/RR'),'1');
Insert into SAE_FACTURE_DU_BIEN (IDENTIFIANT_LOGEMENT,NUMERO_DOCUMENT,DATE_DOCUMENT,PART_DES_CHARGES) values ('LOG11','LOC01d2c30eea68a8dae053cdd33e6853d261',to_date('10/11/23','DD/MM/RR'),'1');
Insert into SAE_FACTURE_DU_BIEN (IDENTIFIANT_LOGEMENT,NUMERO_DOCUMENT,DATE_DOCUMENT,PART_DES_CHARGES) values ('LOG11','LOC01f2acec37f532548d061f0abeb223a058',to_date('10/12/23','DD/MM/RR'),'1');
Insert into SAE_FACTURE_DU_BIEN (IDENTIFIANT_LOGEMENT,NUMERO_DOCUMENT,DATE_DOCUMENT,PART_DES_CHARGES) values ('LOG11','LOC013b122b8feda0c03c109b0a591daa3cb1',to_date('10/01/24','DD/MM/RR'),'1');
Insert into SAE_FACTURE_DU_BIEN (IDENTIFIANT_LOGEMENT,NUMERO_DOCUMENT,DATE_DOCUMENT,PART_DES_CHARGES) values ('LOG11','LOC01233fe25546c2bd3314f80968f387c293',to_date('10/02/24','DD/MM/RR'),'1');
Insert into SAE_FACTURE_DU_BIEN (IDENTIFIANT_LOGEMENT,NUMERO_DOCUMENT,DATE_DOCUMENT,PART_DES_CHARGES) values ('LOG11','LOC01ae6cb38f881d9b621232bb4545e447ca',to_date('10/03/24','DD/MM/RR'),'1');
Insert into SAE_FACTURE_DU_BIEN (IDENTIFIANT_LOGEMENT,NUMERO_DOCUMENT,DATE_DOCUMENT,PART_DES_CHARGES) values ('LOG11','LOC0196d0a750f927bd4abe31cce596eb6dca',to_date('10/04/24','DD/MM/RR'),'1');
Insert into SAE_FACTURE_DU_BIEN (IDENTIFIANT_LOGEMENT,NUMERO_DOCUMENT,DATE_DOCUMENT,PART_DES_CHARGES) values ('LOG11','LOC01eff7527c8ccbbfe7f5b4256b22407296',to_date('10/05/24','DD/MM/RR'),'1');
Insert into SAE_FACTURE_DU_BIEN (IDENTIFIANT_LOGEMENT,NUMERO_DOCUMENT,DATE_DOCUMENT,PART_DES_CHARGES) values ('LOG11','LOC01773f63adf06e7c0e711ae9808fe5275f',to_date('10/06/24','DD/MM/RR'),'1');
Insert into SAE_FACTURE_DU_BIEN (IDENTIFIANT_LOGEMENT,NUMERO_DOCUMENT,DATE_DOCUMENT,PART_DES_CHARGES) values ('LOG11','LOC011e0fd58394ae7cf9c1b5b5a06ab7c192',to_date('10/07/24','DD/MM/RR'),'1');
Insert into SAE_FACTURE_DU_BIEN (IDENTIFIANT_LOGEMENT,NUMERO_DOCUMENT,DATE_DOCUMENT,PART_DES_CHARGES) values ('LOG11','LOC010013f6fc76aae49ccd020912fc65485e',to_date('10/08/24','DD/MM/RR'),'1');
Insert into SAE_FACTURE_DU_BIEN (IDENTIFIANT_LOGEMENT,NUMERO_DOCUMENT,DATE_DOCUMENT,PART_DES_CHARGES) values ('LOG11','LOC0102637e3689af075fe4c57897cc3d1d01',to_date('10/09/24','DD/MM/RR'),'1');
Insert into SAE_FACTURE_DU_BIEN (IDENTIFIANT_LOGEMENT,NUMERO_DOCUMENT,DATE_DOCUMENT,PART_DES_CHARGES) values ('LOG11','LOC01cd76294220b7fdbc0a99d029c39880a9',to_date('10/10/24','DD/MM/RR'),'1');
Insert into SAE_FACTURE_DU_BIEN (IDENTIFIANT_LOGEMENT,NUMERO_DOCUMENT,DATE_DOCUMENT,PART_DES_CHARGES) values ('LOG11','LOC016d1f57ed92a43cb90e046580cc34f8b5',to_date('10/11/24','DD/MM/RR'),'1');
Insert into SAE_FACTURE_DU_BIEN (IDENTIFIANT_LOGEMENT,NUMERO_DOCUMENT,DATE_DOCUMENT,PART_DES_CHARGES) values ('LOG11','LOC01b8b83c8459ca64ca9a176a24ec7a008b',to_date('10/12/24','DD/MM/RR'),'1');
Insert into SAE_FACTURE_DU_BIEN (IDENTIFIANT_LOGEMENT,NUMERO_DOCUMENT,DATE_DOCUMENT,PART_DES_CHARGES) values ('LOG11','LOC01171da6dd75668e506b60603cd0750b3c',to_date('10/01/25','DD/MM/RR'),'1');
Insert into SAE_FACTURE_DU_BIEN (IDENTIFIANT_LOGEMENT,NUMERO_DOCUMENT,DATE_DOCUMENT,PART_DES_CHARGES) values ('LOG12','LOC02be5827340b24d23123c1f3c0625805f9',to_date('10/01/23','DD/MM/RR'),'1');
Insert into SAE_FACTURE_DU_BIEN (IDENTIFIANT_LOGEMENT,NUMERO_DOCUMENT,DATE_DOCUMENT,PART_DES_CHARGES) values ('LOG12','LOC0282a38318961f12c6ac346cb5b0a13a35',to_date('10/02/23','DD/MM/RR'),'1');
Insert into SAE_FACTURE_DU_BIEN (IDENTIFIANT_LOGEMENT,NUMERO_DOCUMENT,DATE_DOCUMENT,PART_DES_CHARGES) values ('LOG12','LOC029160f12f4b123244b912a9e4d85a6a82',to_date('10/03/23','DD/MM/RR'),'1');
Insert into SAE_FACTURE_DU_BIEN (IDENTIFIANT_LOGEMENT,NUMERO_DOCUMENT,DATE_DOCUMENT,PART_DES_CHARGES) values ('LOG12','LOC02e68604d354d9ecd1825fbedec7f73d01',to_date('10/04/23','DD/MM/RR'),'1');
Insert into SAE_FACTURE_DU_BIEN (IDENTIFIANT_LOGEMENT,NUMERO_DOCUMENT,DATE_DOCUMENT,PART_DES_CHARGES) values ('LOG12','LOC02797afa6b4fb3e85fde19e3cd8419c038',to_date('10/05/23','DD/MM/RR'),'1');
Insert into SAE_FACTURE_DU_BIEN (IDENTIFIANT_LOGEMENT,NUMERO_DOCUMENT,DATE_DOCUMENT,PART_DES_CHARGES) values ('LOG12','LOC02f7a79670b1f6b8d95cb73e4144a85326',to_date('10/06/23','DD/MM/RR'),'1');
Insert into SAE_FACTURE_DU_BIEN (IDENTIFIANT_LOGEMENT,NUMERO_DOCUMENT,DATE_DOCUMENT,PART_DES_CHARGES) values ('LOG12','LOC02ee62c3ef0aef8e1e403af6ae812fc7dc',to_date('10/07/23','DD/MM/RR'),'1');
Insert into SAE_FACTURE_DU_BIEN (IDENTIFIANT_LOGEMENT,NUMERO_DOCUMENT,DATE_DOCUMENT,PART_DES_CHARGES) values ('LOG12','LOC0269803479fae2b8758c9bda1dd08fa4fc',to_date('10/08/23','DD/MM/RR'),'1');
Insert into SAE_FACTURE_DU_BIEN (IDENTIFIANT_LOGEMENT,NUMERO_DOCUMENT,DATE_DOCUMENT,PART_DES_CHARGES) values ('LOG12','LOC021a5e7be7e30e98fbd2da8680d571680e',to_date('10/09/23','DD/MM/RR'),'1');
Insert into SAE_FACTURE_DU_BIEN (IDENTIFIANT_LOGEMENT,NUMERO_DOCUMENT,DATE_DOCUMENT,PART_DES_CHARGES) values ('LOG12','LOC0245bee6a62ca10a1ea08f315aafc64315',to_date('10/10/23','DD/MM/RR'),'1');
Insert into SAE_FACTURE_DU_BIEN (IDENTIFIANT_LOGEMENT,NUMERO_DOCUMENT,DATE_DOCUMENT,PART_DES_CHARGES) values ('LOG12','LOC0294aa1654e8cf0670ee8714efc1133ffb',to_date('10/11/23','DD/MM/RR'),'1');
Insert into SAE_FACTURE_DU_BIEN (IDENTIFIANT_LOGEMENT,NUMERO_DOCUMENT,DATE_DOCUMENT,PART_DES_CHARGES) values ('LOG12','LOC023a47372697082fa125bde512162892fe',to_date('10/12/23','DD/MM/RR'),'1');
Insert into SAE_FACTURE_DU_BIEN (IDENTIFIANT_LOGEMENT,NUMERO_DOCUMENT,DATE_DOCUMENT,PART_DES_CHARGES) values ('LOG12','LOC02c41e76ff2cd56a72a8dd47f7b5e83e3e',to_date('10/01/24','DD/MM/RR'),'1');
Insert into SAE_FACTURE_DU_BIEN (IDENTIFIANT_LOGEMENT,NUMERO_DOCUMENT,DATE_DOCUMENT,PART_DES_CHARGES) values ('LOG12','LOC02e09e30528e72f6d061b4699355c202ea',to_date('10/02/24','DD/MM/RR'),'1');
Insert into SAE_FACTURE_DU_BIEN (IDENTIFIANT_LOGEMENT,NUMERO_DOCUMENT,DATE_DOCUMENT,PART_DES_CHARGES) values ('LOG12','LOC02bdd424219b8c8dadc6298e3f3e692837',to_date('10/03/24','DD/MM/RR'),'1');
Insert into SAE_FACTURE_DU_BIEN (IDENTIFIANT_LOGEMENT,NUMERO_DOCUMENT,DATE_DOCUMENT,PART_DES_CHARGES) values ('LOG12','LOC02d3f5bbecde73d267776bb5ef199bf347',to_date('10/04/24','DD/MM/RR'),'1');
Insert into SAE_FACTURE_DU_BIEN (IDENTIFIANT_LOGEMENT,NUMERO_DOCUMENT,DATE_DOCUMENT,PART_DES_CHARGES) values ('LOG12','LOC029a696676c75f37d223808743182cea15',to_date('10/05/24','DD/MM/RR'),'1');
Insert into SAE_FACTURE_DU_BIEN (IDENTIFIANT_LOGEMENT,NUMERO_DOCUMENT,DATE_DOCUMENT,PART_DES_CHARGES) values ('LOG12','LOC02853bb312d400e1bbbaff9a4a6c2173c6',to_date('10/06/24','DD/MM/RR'),'1');
Insert into SAE_FACTURE_DU_BIEN (IDENTIFIANT_LOGEMENT,NUMERO_DOCUMENT,DATE_DOCUMENT,PART_DES_CHARGES) values ('LOG12','LOC022e0f8d88c38970d98e2901efa7bf6543',to_date('10/07/24','DD/MM/RR'),'1');
Insert into SAE_FACTURE_DU_BIEN (IDENTIFIANT_LOGEMENT,NUMERO_DOCUMENT,DATE_DOCUMENT,PART_DES_CHARGES) values ('LOG12','LOC02cefc5118d999887e17aeb0fc075c6d92',to_date('10/08/24','DD/MM/RR'),'1');
Insert into SAE_FACTURE_DU_BIEN (IDENTIFIANT_LOGEMENT,NUMERO_DOCUMENT,DATE_DOCUMENT,PART_DES_CHARGES) values ('LOG12','LOC02bfebcdabfcc1aec6c9ff6a149f2bc115',to_date('10/09/24','DD/MM/RR'),'1');
Insert into SAE_FACTURE_DU_BIEN (IDENTIFIANT_LOGEMENT,NUMERO_DOCUMENT,DATE_DOCUMENT,PART_DES_CHARGES) values ('LOG12','LOC023bd5ad3e0f26443de6c5d2114758bfa9',to_date('10/10/24','DD/MM/RR'),'1');
Insert into SAE_FACTURE_DU_BIEN (IDENTIFIANT_LOGEMENT,NUMERO_DOCUMENT,DATE_DOCUMENT,PART_DES_CHARGES) values ('LOG12','LOC026eea64b4bc110d081a219f52a29702a7',to_date('10/11/24','DD/MM/RR'),'1');
Insert into SAE_FACTURE_DU_BIEN (IDENTIFIANT_LOGEMENT,NUMERO_DOCUMENT,DATE_DOCUMENT,PART_DES_CHARGES) values ('LOG12','LOC023ebd78b2b68136abbec43b09c0e19466',to_date('10/12/24','DD/MM/RR'),'1');
Insert into SAE_FACTURE_DU_BIEN (IDENTIFIANT_LOGEMENT,NUMERO_DOCUMENT,DATE_DOCUMENT,PART_DES_CHARGES) values ('LOG12','LOC0262db1c3d25a43965f30fb6b179c69fca',to_date('10/01/25','DD/MM/RR'),'1');
commit;
REM INSERTING into SAE_ICC
SET DEFINE OFF;
Insert into SAE_ICC (ANNEE_ICC,TRIMESTRE_ICC,INDICE) values ('2024','3','2143');
Insert into SAE_ICC (ANNEE_ICC,TRIMESTRE_ICC,INDICE) values ('2024','2','2205');
Insert into SAE_ICC (ANNEE_ICC,TRIMESTRE_ICC,INDICE) values ('2024','1','2227');
Insert into SAE_ICC (ANNEE_ICC,TRIMESTRE_ICC,INDICE) values ('2023','4','2162');
Insert into SAE_ICC (ANNEE_ICC,TRIMESTRE_ICC,INDICE) values ('2023','3','2106');
Insert into SAE_ICC (ANNEE_ICC,TRIMESTRE_ICC,INDICE) values ('2023','2','2123');
Insert into SAE_ICC (ANNEE_ICC,TRIMESTRE_ICC,INDICE) values ('2023','1','2077');
Insert into SAE_ICC (ANNEE_ICC,TRIMESTRE_ICC,INDICE) values ('2022','4','2052');
Insert into SAE_ICC (ANNEE_ICC,TRIMESTRE_ICC,INDICE) values ('2022','3','2037');
Insert into SAE_ICC (ANNEE_ICC,TRIMESTRE_ICC,INDICE) values ('2022','2','1966');
Insert into SAE_ICC (ANNEE_ICC,TRIMESTRE_ICC,INDICE) values ('2022','1','1948');
Insert into SAE_ICC (ANNEE_ICC,TRIMESTRE_ICC,INDICE) values ('2021','4','1886');
Insert into SAE_ICC (ANNEE_ICC,TRIMESTRE_ICC,INDICE) values ('2021','3','1886');
Insert into SAE_ICC (ANNEE_ICC,TRIMESTRE_ICC,INDICE) values ('2021','2','1821');
Insert into SAE_ICC (ANNEE_ICC,TRIMESTRE_ICC,INDICE) values ('2021','1','1822');
Insert into SAE_ICC (ANNEE_ICC,TRIMESTRE_ICC,INDICE) values ('2020','4','1795');
Insert into SAE_ICC (ANNEE_ICC,TRIMESTRE_ICC,INDICE) values ('2020','3','1765');
Insert into SAE_ICC (ANNEE_ICC,TRIMESTRE_ICC,INDICE) values ('2020','2','1753');
Insert into SAE_ICC (ANNEE_ICC,TRIMESTRE_ICC,INDICE) values ('2020','1','1770');
Insert into SAE_ICC (ANNEE_ICC,TRIMESTRE_ICC,INDICE) values ('2019','4','1769');
Insert into SAE_ICC (ANNEE_ICC,TRIMESTRE_ICC,INDICE) values ('2019','3','1746');
Insert into SAE_ICC (ANNEE_ICC,TRIMESTRE_ICC,INDICE) values ('2019','2','1746');
Insert into SAE_ICC (ANNEE_ICC,TRIMESTRE_ICC,INDICE) values ('2019','1','1728');
Insert into SAE_ICC (ANNEE_ICC,TRIMESTRE_ICC,INDICE) values ('2025','1','2220');
Insert into SAE_ICC (ANNEE_ICC,TRIMESTRE_ICC,INDICE) values ('2024','4','2300');
commit;
REM INSERTING into SAE_LOCATAIRE
SET DEFINE OFF;
Insert into SAE_LOCATAIRE (IDENTIFIANT_LOCATAIRE,NOM_LOCATAIRE,PRENOM_LOCATAIRE,EMAIL_LOCATAIRE,TELEPHONE_LOCATAIRE,DATE_NAISSANCE,LIEU_DE_NAISSANCE,ID_SAE_ADRESSE) values ('LOC01','Didier','Bernard','didier@b.com','0783293222',to_date('01/12/90','DD/MM/RR'),'Tourcoing',null);
Insert into SAE_LOCATAIRE (IDENTIFIANT_LOCATAIRE,NOM_LOCATAIRE,PRENOM_LOCATAIRE,EMAIL_LOCATAIRE,TELEPHONE_LOCATAIRE,DATE_NAISSANCE,LIEU_DE_NAISSANCE,ID_SAE_ADRESSE) values ('LOC02','Trucmuche','Jean-pierre',null,null,to_date('29/01/33','DD/MM/RR'),null,null);
Insert into SAE_LOCATAIRE (IDENTIFIANT_LOCATAIRE,NOM_LOCATAIRE,PRENOM_LOCATAIRE,EMAIL_LOCATAIRE,TELEPHONE_LOCATAIRE,DATE_NAISSANCE,LIEU_DE_NAISSANCE,ID_SAE_ADRESSE) values ('COLOC1','Terrieur','Alain',null,null,to_date('11/01/01','DD/MM/RR'),null,null);
Insert into SAE_LOCATAIRE (IDENTIFIANT_LOCATAIRE,NOM_LOCATAIRE,PRENOM_LOCATAIRE,EMAIL_LOCATAIRE,TELEPHONE_LOCATAIRE,DATE_NAISSANCE,LIEU_DE_NAISSANCE,ID_SAE_ADRESSE) values ('COLOC2','Terrieur','Alex',null,null,to_date('15/07/02','DD/MM/RR'),null,null);
commit;
REM INSERTING into SAE_LOYER
SET DEFINE OFF;
Insert into SAE_LOYER (IDENTIFIANT_LOGEMENT,DATE_DE_CHANGEMENT,MONTANT_LOYER) values ('LOG21',to_date('22/01/25','DD/MM/RR'),'1500');
Insert into SAE_LOYER (IDENTIFIANT_LOGEMENT,DATE_DE_CHANGEMENT,MONTANT_LOYER) values ('LOG11',to_date('22/01/25','DD/MM/RR'),'450');
Insert into SAE_LOYER (IDENTIFIANT_LOGEMENT,DATE_DE_CHANGEMENT,MONTANT_LOYER) values ('LOG12',to_date('22/01/25','DD/MM/RR'),'328,96');
commit;
REM INSERTING into SAE_PROVISION_CHARGE
SET DEFINE OFF;
Insert into SAE_PROVISION_CHARGE (ID_BAIL,DATE_CHANGEMENT,PROVISION_POUR_CHARGE) values ('BAI11',to_date('22/01/23','DD/MM/RR'),'54');
Insert into SAE_PROVISION_CHARGE (ID_BAIL,DATE_CHANGEMENT,PROVISION_POUR_CHARGE) values ('BAI1201',to_date('22/01/24','DD/MM/RR'),'20');
Insert into SAE_PROVISION_CHARGE (ID_BAIL,DATE_CHANGEMENT,PROVISION_POUR_CHARGE) values ('COBAI311',to_date('22/01/20','DD/MM/RR'),'200');
commit;

-- Réactiver les FK
BEGIN
    FOR rec IN (SELECT uc.constraint_name, ucc.table_name
                FROM user_constraints uc
                JOIN user_cons_columns ucc
                ON uc.constraint_name = ucc.constraint_name
                WHERE uc.constraint_type = 'R'  -- 'R' pour FOREIGN KEY
                AND uc.constraint_name LIKE 'FK_SAE%')
    LOOP
        EXECUTE IMMEDIATE 'ALTER TABLE ' || rec.table_name || ' ENABLE CONSTRAINT ' || rec.constraint_name;
    END LOOP;
END;
/